,current_delta,soc_coulomb,soc_kalman
0,0.012859,[-15.9398524],[-15.9398524]
1,0.012859,[-15.97134103],[-15.97134103]
2,0.012859,[-16.00282966],[-16.00282966]
3,0.012859,[-16.03431829],[-16.03431829]
4,0.012859,[-16.06580692],[-16.06580692]
5,0.012859,[-16.09729556],[-16.09729556]
6,0.013668,[-16.12878419],[-16.12878419]
7,0.023524,[-16.16225387],[-16.16225387]
8,0.03126,[-16.21985855],[-16.21985855]
9,0.050602,[-16.29640685],[-10.77319498]
10,0.58049,[-16.42031911],[-10.89710724]
11,2.6467,[-17.84180102],[-12.31858916]
12,3.8424,[-24.32293968],[-18.79972781]
13,4.1121,[-33.73206318],[-28.20885131]
14,-0.23677,[-43.80161782],[-38.27840595]
15,3.1954,[-43.22182441],[-37.69861255]
16,4.134,[-51.04659883],[-45.52338697]
17,2.8259,[-61.16978136],[-55.6465695]
18,2.5489,[-68.08973819],[-62.56652632]
19,2.6931,[-74.33138791],[-72.18736992]
20,2.3144,[-80.92614912],[-78.78213113]
21,3.5036,[-86.59356413],[-84.44954614]
22,2.7033,[-95.17304703],[-93.02902904]
23,1.057,[-101.79278562],[-99.64876763]
24,-0.44999,[-104.38112716],[-102.23710917]
25,-0.4451,[-103.27920871],[-101.13519072]
26,-1.8319,[-102.18926469],[-100.0452467]
27,-0.6912,[-97.7033774],[-95.55935941]
28,-0.41631,[-96.01079303],[-93.86677505]
29,0.39479,[-94.99134888],[-88.39271085]
30,1.4094,[-95.95809567],[-89.35945764]
31,-0.067283,[-99.40938098],[-92.81074295]
32,0.40082,[-99.24462092],[-92.64598289]
33,-1.6765,[-100.22613375],[-93.62749571]
34,-3.0094,[-96.12078408],[-89.52214605]
35,-2.9658,[-88.75147941],[-82.15284138]
36,-2.8139,[-81.48894077],[-74.89030274]
37,-2.1029,[-74.59836909],[-67.99973106]
38,-1.7886,[-69.44886727],[-62.85022924]
39,-1.0515,[-65.06901137],[-62.64499276]
40,-0.33154,[-62.49413802],[-60.07011941]
41,-0.00027238,[-61.68227544],[-59.25825682]
42,0.012859,[-61.68160844],[-59.25758983]
43,0.012859,[-61.71309707],[-59.28907846]
44,0.012859,[-61.74458571],[-59.32056709]
45,0.012859,[-61.77607434],[-59.35205573]
46,0.012859,[-61.80756297],[-59.38354436]
47,0.012859,[-61.8390516],[-59.41503299]
48,0.012859,[-61.87054023],[-59.44652162]
49,0.026246,[-61.90202887],[-62.71040125]
50,1.4175,[-61.96629908],[-62.77467146]
51,2.3404,[-65.43741936],[-66.24579174]
52,1.9203,[-71.16850218],[-71.97687456]
53,2.8051,[-75.87086004],[-76.67923243]
54,4.2382,[-82.73988261],[-83.548255]
55,4.2743,[-93.11822615],[-93.92659854]
56,2.8574,[-103.58497001],[-104.39334239]
57,4.2758,[-110.58206284],[-111.39043522]
58,4.9662,[-121.05247983],[-121.86085221]
59,4.8662,[-133.21352218],[-125.28870474]
60,3.8788,[-145.12968832],[-137.20487088]
61,2.521,[-154.62794676],[-146.70312932]
62,3.5651,[-160.80127602],[-152.87645858]
63,3.3848,[-169.53135779],[-161.60654035]
64,3.6869,[-177.81992775],[-169.89511031]
65,3.1176,[-186.84826874],[-178.92345131]
66,2.8487,[-194.48252947],[-186.55771204]
67,2.1836,[-201.45831807],[-193.53350064]
68,0.18726,[-206.805435],[-198.88061756]
69,0.91501,[-207.26399019],[-183.06143782]
70,0.0053402,[-209.504632],[-185.30207963]
71,-0.37207,[-209.51770888],[-185.31515651]
72,-0.37225,[-208.60659796],[-184.40404559]
73,0.33741,[-207.69504627],[-183.4924939]
74,1.0426,[-208.52128309],[-184.31873072]
75,0.33741,[-211.07436246],[-186.87181009]
76,-0.37219,[-211.90059928],[-187.69804691]
77,-0.96565,[-210.98919451],[-186.78664214]
78,0.13474,[-208.62454739],[-184.42199502]
79,0.46979,[-208.95449359],[-172.10537881]
80,0.46799,[-210.10489754],[-173.25578276]
81,0.80472,[-211.25089372],[-174.40177894]
82,0.80717,[-213.22146156],[-176.37234678]
83,1.4932,[-215.19802886],[-178.34891408]
84,2.2074,[-218.85452043],[-182.00540565]
85,3.3239,[-224.2599179],[-187.41080311]
86,4.1708,[-232.39935825],[-195.55024346]
87,4.5251,[-242.61265522],[-205.76354044]
88,4.3083,[-253.69354861],[-216.84443383]
89,4.2568,[-264.24355037],[-211.59040666]
90,4.8156,[-274.66744089],[-222.01429717]
91,5.2028,[-286.45969966],[-233.80655595]
92,4.5034,[-299.20011913],[-246.54697541]
93,4.6358,[-310.22787437],[-257.57473066]
94,3.3841,[-321.57984573],[-268.92670201]
95,1.5935,[-329.86670155],[-277.21355784]
96,1.3703,[-333.76880396],[-281.11566025]
97,0.22134,[-337.12434267],[-284.47119896]
98,-2.5008,[-337.66635168],[-285.01320796]
99,-1.8485,[-331.54248741],[-259.68618342]
100,-1.6727,[-327.01595067],[-255.15964667]
101,-1.0737,[-322.9199063],[-251.0636023]
102,-1.065,[-320.29067043],[-248.43436643]
103,-1.4701,[-317.68273879],[-245.8264348]
104,-1.7157,[-314.08281363],[-242.22650963]
105,-1.5508,[-309.88147249],[-238.02516849]
106,-1.6473,[-306.08393222],[-234.22762822]
107,-1.3644,[-302.05008641],[-230.19378241]
108,-1.5766,[-298.7089954],[-226.8526914]
109,-1.4219,[-294.84827707],[-210.31929374]
110,-1.4997,[-291.36638224],[-206.83739891]
111,-1.242,[-287.69397371],[-203.16499038]
112,-1.4213,[-284.65261118],[-200.12362785]
113,-1.9789,[-281.17218561],[-196.64320228]
114,-2.4495,[-276.32633028],[-191.79734695]
115,-1.771,[-270.32808752],[-185.79910419]
116,-0.67,[-265.99132983],[-181.4623465]
117,-0.65407,[-264.35065922],[-179.8216759]
118,-0.79789,[-262.7489974],[-178.22001407]
119,-3.6676,[-260.7951546],[-168.34537043]
120,-3.2481,[-251.81407472],[-159.36429055]
121,-2.1471,[-243.86025054],[-151.41046636]
122,-1.5972,[-238.60251343],[-146.15272926]
123,-1.3075,[-234.6913506],[-142.24156643]
124,-0.80837,[-231.48959415],[-139.03980998]
125,-0.29408,[-229.51008833],[-137.06030416]
126,-0.039143,[-228.78995637],[-136.3401722]
127,-0.012101,[-228.69410448],[-136.2443203]
128,-0.00027238,[-228.66447201],[-136.21468783]
129,0.012859,[-228.66380501],[-131.84677194]
130,0.012859,[-228.69529364],[-131.87826058]
131,0.012859,[-228.72678228],[-131.90974921]
132,0.012859,[-228.75827091],[-131.94123784]
133,0.012859,[-228.78975954],[-131.97272647]
134,0.012859,[-228.82124817],[-132.0042151]
135,0.012859,[-228.8527368],[-132.03570373]
136,0.13367,[-228.88422544],[-132.06719237]
137,1.3164,[-229.21155147],[-132.3945184]
138,2.9506,[-232.4351019],[-135.61806883]
139,4.3345,[-239.66041935],[-138.32012935]
140,5.7205,[-250.27457868],[-148.93428868]
141,5.4552,[-264.28272229],[-162.94243228]
142,5.8237,[-277.6412093],[-176.3009193]
143,6.0151,[-291.90206516],[-190.56177515]
144,3.7866,[-306.63161408],[-205.29132407]
145,2.7655,[-315.90409665],[-214.56380665]
146,2.3944,[-322.67614824],[-221.33585824]
147,2.948,[-328.53946422],[-227.19917422]
148,1.8924,[-335.75841489],[-234.41812489]
149,2.5999,[-340.3924523],[-228.61371058]
150,1.8149,[-346.75898888],[-234.98024717]
151,1.3287,[-351.20324722],[-239.42450551]
152,1.3425,[-354.45691743],[-242.67817571]
153,2.057,[-357.74438055],[-245.96563883]
154,0.67879,[-362.78148419],[-251.00274248]
155,0.67879,[-364.44367942],[-252.6649377]
156,2.0956,[-366.10587465],[-254.32713293]
157,3.7768,[-371.23750051],[-259.45875879]
158,1.8459,[-380.48598521],[-268.7072435]
159,3.0051,[-385.00615518],[-261.35036784]
160,1.3509,[-392.36493017],[-268.70914283]
161,3.1006,[-395.67296289],[-272.01717556]
162,1.4034,[-403.26559467],[-279.60980733]
163,1.4141,[-406.7021874],[-283.04640006]
164,1.4248,[-410.16498189],[-286.50919455]
165,-0.50076,[-413.65397813],[-289.99819079]
166,-1.2951,[-412.42773602],[-288.77194868]
167,0.40453,[-409.25634422],[-285.60055689]
168,0.21185,[-410.24694195],[-286.59115462]
169,-0.11201,[-410.76571221],[-275.11828121]
170,1.1354,[-410.49142636],[-274.84399536]
171,-0.62707,[-413.27175085],[-277.62431985]
172,1.4858,[-411.7362056],[-276.0887746]
173,0.011324,[-415.37457633],[-279.72714533]
174,0.55864,[-415.40230612],[-279.75487511]
175,0.18866,[-416.77028258],[-281.12285157]
176,1.1018,[-417.23226603],[-281.58483503]
177,1.1079,[-419.93031212],[-284.28288112]
178,0.37419,[-422.64329565],[-286.99586465]
179,0.18726,[-423.55959794],[-276.52535579]
180,0.5484,[-424.01815313],[-276.98391098]
181,0.54637,[-425.36105427],[-278.32681212]
182,-0.86914,[-426.69898442],[-279.66474227]
183,-0.24991,[-424.57066733],[-277.53642518]
184,1.3988,[-423.95869719],[-276.92445504]
185,-2.4102,[-427.38402562],[-280.34978347]
186,5.0098,[-421.4820192],[-274.44777705]
187,2.5027,[-433.74982758],[-286.71558543]
188,3.1156,[-439.87834449],[-292.84410234]
189,2.6317,[-447.50770769],[-289.02642427]
190,0.96709,[-453.95211492],[-295.4708315]
191,3.2753,[-456.32028826],[-297.83900484]
192,1.7871,[-464.34071877],[-305.85943535]
193,2.998,[-468.71690152],[-310.2356181]
194,1.6541,[-476.0582903],[-317.57700688]
195,1.8721,[-480.10878769],[-321.62750428]
196,2.0978,[-484.69311523],[-326.21183181]
197,0.89478,[-489.83012836],[-331.34884494]
198,1.3038,[-492.02123172],[-333.5399483]
199,-0.078976,[-495.21392774],[-324.07525488]
200,1.4977,[-495.02053431],[-323.88186145]
201,2.1259,[-498.68804531],[-327.54937245]
202,0.089321,[-503.89386866],[-332.7551958]
203,1.1053,[-504.11259454],[-332.97392168]
204,1.3141,[-506.81921129],[-335.68053843]
205,3.1926,[-510.03712957],[-338.89845671]
206,0.52137,[-517.85504746],[-346.71637459]
207,1.3521,[-519.13175855],[-347.99308569]
208,1.3591,[-522.44272979],[-351.30405693]
209,1.3661,[-525.77084236],[-341.73095979]
210,1.7966,[-529.11609627],[-345.0762137]
211,1.8134,[-533.51554226],[-349.47565969]
212,2.4758,[-537.95612746],[-353.91624488]
213,0.995,[-544.01877267],[-359.9788901]
214,1.8602,[-546.45529096],[-362.41540839]
215,-2.6906,[-551.01047822],[-366.97059565]
216,-0.067612,[-544.42183891],[-360.38195634]
217,1.5503,[-544.25627321],[-360.21639063]
218,1.3521,[-548.05258909],[-364.01270652]
219,0.10446,[-551.36356033],[-354.43178811]
220,2.1829,[-551.61935802],[-354.6875858]
221,0.73539,[-556.96476081],[-360.03298859]
222,0.31463,[-558.76555597],[-361.83378376]
223,1.5617,[-559.53601],[-362.60423778]
224,-0.49752,[-563.36024177],[-366.42846955]
225,2.1685,[-562.14193365],[-365.21016143]
226,0.7278,[-567.45207427],[-370.52030205]
227,1.1428,[-569.23428332],[-372.30251111]
228,0.51918,[-572.03272865],[-375.10095644]
229,1.3486,[-573.30407696],[-363.64395819]
230,-0.35495,[-576.60647753],[-366.94635876]
231,1.124,[-575.73728942],[-366.07717065]
232,1.9596,[-578.48969803],[-368.82957926]
233,1.1428,[-583.28829224],[-373.62817347]
234,1.5655,[-586.08673757],[-376.4266188]
235,1.9998,[-589.92027464],[-380.26015587]
236,1.5964,[-594.81730909],[-385.15719032]
237,-0.93064,[-598.72651291],[-389.06639414]
238,1.3556,[-596.44759695],[-386.78747818]
239,-0.92625,[-599.76713885],[-377.33759725]
240,2.1543,[-597.49897296],[-375.06943136]
241,-0.21363,[-602.77434115],[-380.34479955]
242,2.1543,[-602.25121211],[-379.8216705]
243,0.51263,[-607.5265803],[-385.0970387]
244,-0.07259,[-608.78188922],[-386.35234762]
245,1.1146,[-608.60413358],[-386.17459198]
246,0.70538,[-611.33352382],[-388.90398221]
247,1.5276,[-613.06083163],[-390.63129003]
248,1.124,[-616.80156061],[-394.37201901]
249,0.7128,[-619.55396922],[-384.58057401]
250,-0.49887,[-621.29944684],[-386.32605164]
251,0.89478,[-620.07783289],[-385.10443769]
252,1.7142,[-622.26893625],[-387.29554104]
253,0.70048,[-626.46660424],[-391.49320904]
254,-0.21884,[-628.18191312],[-393.20851791]
255,1.2937,[-627.64602602],[-392.67263081]
256,0.68831,[-630.81398955],[-395.84059435]
257,0.88929,[-632.49949699],[-397.52610179]
258,1.093,[-634.67715664],[-399.70376144]
259,0.28185,[-637.35365362],[-390.11142454]
260,1.698,[-638.04383722],[-390.80160814]
261,1.5089,[-642.20183527],[-394.95960619]
262,-0.078194,[-645.8967724],[-398.65454332]
263,0.88929,[-645.7052939],[-398.46306482]
264,1.093,[-647.88295355],[-400.64072447]
265,-0.081297,[-650.55945053],[-403.31722145]
266,2.7118,[-650.36037351],[-403.11814443]
267,0.90306,[-657.00092658],[-409.7586975]
268,-0.078194,[-659.21230568],[-411.9700766]
269,1.9111,[-659.02082718],[-399.61414583]
270,0.084907,[-663.70065643],[-404.29397509]
271,0.28185,[-663.90857348],[-404.50189213]
272,0.47868,[-664.59875708],[-405.19207573]
273,0.67631,[-665.77093052],[-406.36424917]
274,1.4829,[-667.42705282],[-408.02037147]
275,0.88383,[-671.05832214],[-411.65164079]
276,0.88383,[-673.22261154],[-413.8159302]
277,0.6811,[-675.38690095],[-415.9802196]
278,1.694,[-677.05475282],[-417.64807147]
279,0.48492,[-681.20295582],[-409.70714768]
280,0.88656,[-682.39040954],[-410.89460139]
281,1.2937,[-684.56138407],[-413.06557592]
282,1.5051,[-687.7293476],[-416.23353945]
283,0.69559,[-691.41497944],[-419.91917129]
284,3.1671,[-693.11831387],[-421.62250572]
285,2.1829,[-700.87378832],[-429.37798018]
286,1.9998,[-706.21919111],[-434.72338297]
287,1.5964,[-711.11622556],[-439.62041742]
288,2.6805,[-715.02542938],[-443.52962124]
289,1.4233,[-721.5893362],[-437.45497323]
290,2.9549,[-725.0746593],[-440.94029633]
291,1.4636,[-732.31050643],[-448.17614346]
292,1.6914,[-735.89451464],[-451.76015167]
293,2.8152,[-740.03635086],[-455.90198789]
294,1.0654,[-746.93010593],[-462.79574296]
295,2.1852,[-749.53901707],[-465.40465411]
296,1.757,[-754.89005202],[-470.75568905]
297,1.7695,[-759.19252703],[-475.05816406]
298,6.4018,[-763.52561157],[-479.3912486]
299,2.1159,[-779.20209679],[-481.36899372]
300,7.9136,[-784.38343253],[-486.55032946]
301,-2.9379,[-803.76195629],[-505.92885322]
302,0.26072,[-796.56773812],[-498.73463504]
303,1.1932,[-797.20617937],[-499.3730763]
304,0.72206,[-800.12804231],[-502.29493924]
305,2.3667,[-801.89619547],[-504.0630924]
306,1.9156,[-807.69168074],[-509.85857767]
307,0.97617,[-812.38252942],[-514.54942635]
308,-0.62823,[-814.77293752],[-516.93983445]
309,0.24381,[-813.23455171],[-501.49207442]
310,0.46769,[-813.8315844],[-502.08910711]
311,1.156,[-814.97684594],[-503.23436865]
312,0.69207,[-817.80761493],[-506.06513764]
313,1.3812,[-819.50232972],[-507.75985243]
314,1.1527,[-822.88455994],[-511.14208265]
315,1.6173,[-825.70724801],[-513.96477072]
316,3.2663,[-829.66763096],[-517.92515367]
317,2.3718,[-837.66602261],[-525.92354532]
318,3.5953,[-843.47399656],[-531.73151927]
319,4.151,[-852.27803095],[-526.28080311]
320,3.4975,[-862.44284243],[-536.44561459]
321,5.3167,[-871.00738788],[-545.01016004]
322,4.1756,[-884.02672135],[-558.02949351]
323,3.7387,[-894.25177238],[-568.25454454]
324,-0.94696,[-903.40695925],[-577.40973141]
325,-2.8522,[-901.08807949],[-575.09085165]
326,0.33794,[-894.10372023],[-568.10649238]
327,3.3004,[-894.93125489],[-568.93402705]
328,4.3626,[-903.01314933],[-577.01592149]
329,2.4058,[-913.69611888],[-572.46179461]
330,4.2276,[-919.58735074],[-578.35302647]
331,2.4839,[-929.9397374],[-588.70541313]
332,2.505,[-936.02221759],[-594.78789332]
333,1.4794,[-942.15636665],[-600.92204238]
334,2.5263,[-945.77906531],[-604.54474104]
335,1.4955,[-951.965373],[-610.73104874]
336,-0.40618,[-955.62749673],[-614.39317246]
337,1.4633,[-954.63285854],[-613.39853427]
338,0.42687,[-958.21613212],[-616.98180785]
339,0.41621,[-959.2614352],[-602.35259063]
340,-0.94842,[-960.28063447],[-603.37178991]
341,-0.95058,[-957.95817952],[-601.04933496]
342,-2.8125,[-955.63043524],[-598.72159068]
343,-1.9414,[-948.74329183],[-591.83444727]
344,-2.0775,[-943.98926509],[-587.08042052]
345,-4.2071,[-938.90196182],[-581.99311726]
346,-1.091,[-928.59977478],[-571.69093022]
347,1.6593,[-925.92817533],[-569.01933076]
348,-0.19359,[-929.99140628],[-573.08256172]
349,0.5667,[-929.51735043],[-558.65491868]
350,1.6394,[-930.90506391],[-560.04263216]
351,0.78484,[-934.9195645],[-564.05713275]
352,3.174,[-936.84145095],[-565.9790192]
353,1.6874,[-944.61382186],[-573.75139011]
354,3.0325,[-948.74586303],[-577.88343128]
355,1.0654,[-956.1717341],[-585.30930235]
356,1.9606,[-958.78064525],[-587.9182135]
357,-0.023889,[-963.58168822],[-592.71925647]
358,0.83956,[-963.52318975],[-592.660758]
359,0.83676,[-965.57907246],[-580.53964125]
360,-0.63943,[-967.62809863],[-582.58866743]
361,-0.34073,[-966.06228668],[-581.02285548]
362,0.35759,[-965.22791997],[-580.18848877]
363,0.13671,[-966.10357281],[-581.06414161]
364,1.6315,[-966.43834308],[-581.39891188]
365,1.8602,[-970.43349845],[-585.39406724]
366,0.14178,[-974.98868571],[-589.94925451]
367,1.6434,[-975.3358712],[-590.29644]
368,2.5283,[-979.36016684],[-594.32073564]
369,2.1238,[-985.55137206],[-586.55845339]
370,1.9253,[-990.75205301],[-591.75913434]
371,1.4972,[-995.46665469],[-596.47373601]
372,1.9517,[-999.1329413],[-600.14002263]
373,1.9695,[-1003.9121903],[-604.91927163]
374,0.41043,[-1008.73502726],[-609.74210859]
375,2.8783,[-1009.74007269],[-610.74715402]
376,1.1003,[-1016.78834464],[-617.79542597]
377,1.1003,[-1019.48271759],[-620.48979891]
378,2.4667,[-1022.17709053],[-623.18417185]
379,2.0372,[-1028.217452],[-614.88769248]
380,1.5935,[-1033.20607016],[-619.87631064]
381,1.8329,[-1037.10817257],[-623.77841305]
382,-0.15832,[-1041.59650862],[-628.2667491]
383,1.8201,[-1041.20882061],[-627.87906109]
384,0.44887,[-1045.66581251],[-632.33605299]
385,-0.16389,[-1046.76498835],[-633.43522883]
386,1.5661,[-1046.36366073],[-633.03390121]
387,1.5739,[-1050.19866706],[-636.86890754]
388,-0.0085663,[-1054.05277373],[-640.72301421]
389,0.42601,[-1054.0317969],[-626.43758481]
390,2.4615,[-1055.07499404],[-627.48078195]
391,0.66037,[-1061.10262196],[-633.50840986]
392,0.65518,[-1062.71971099],[-635.12549889]
393,2.0145,[-1064.32409094],[-636.72987885]
394,1.8031,[-1069.25712219],[-641.6629101]
395,1.1263,[-1073.67248514],[-646.07827305]
396,1.1263,[-1076.43052589],[-648.8363138]
397,2.9716,[-1079.18856665],[-651.59435456]
398,0.68939,[-1086.46530811],[-658.87109602]
399,1.3775,[-1088.15346022],[-646.15670276]
400,0.68671,[-1091.52663001],[-649.52987255]
401,1.6054,[-1093.20821943],[-651.21146198]
402,1.8458,[-1097.13946211],[-655.14270465]
403,1.3922,[-1101.6593872],[-659.66262974]
404,0.0053429,[-1105.0685538],[-663.07179634]
405,2.074,[-1105.08163729],[-663.08487983]
406,2.3266,[-1110.16036989],[-668.16361243]
407,1.6454,[-1115.85765979],[-673.86090234]
408,2.8354,[-1119.88685296],[-677.8900955]
409,0.49679,[-1126.83007302],[-670.19290219]
410,1.1966,[-1128.04659354],[-671.40942272]
411,0.72483,[-1130.97678228],[-674.33961145]
412,0.95438,[-1132.75171851],[-676.11454768]
413,0.9513,[-1135.08876808],[-678.45159726]
414,2.8354,[-1137.41827547],[-680.78110464]
415,1.682,[-1144.36149554],[-687.72432471]
416,2.1679,[-1148.48031339],[-691.84314256]
417,-0.95265,[-1153.78898475],[-697.15181392]
418,-0.14664,[-1151.45617153],[-694.81900071]
419,-0.15257,[-1151.09708506],[-679.93747297]
420,0.00062616,[-1150.72347743],[-679.56386534]
421,1.363,[-1150.72501074],[-679.56539866]
422,2.0601,[-1154.06267349],[-682.9030614]
423,-0.31705,[-1159.10736829],[-687.94775621]
424,2.9716,[-1158.33098827],[-687.17137618]
425,-0.47505,[-1165.60772973],[-694.44811764]
426,1.3558,[-1164.44444529],[-693.28483321]
427,-1.1047,[-1167.76447695],[-696.60486487]
428,0.41485,[-1165.05932946],[-693.89971737]
429,-0.17703,[-1166.07519842],[-680.71651907]
430,1.2852,[-1165.64169406],[-680.28301472]
431,0.84237,[-1168.78884311],[-683.43016377]
432,-0.029129,[-1170.85160685],[-685.4929275]
433,0.16447,[-1170.78027686],[-685.42159751]
434,1.4748,[-1171.18302476],[-685.82434542]
435,1.2612,[-1174.79445911],[-689.43577976]
436,1.0436,[-1177.88283787],[-692.52415853]
437,0.16268,[-1180.438366],[-695.07968666]
438,0.59278,[-1180.83673062],[-695.47805127]
439,-0.34126,[-1182.28830782],[-683.00438201]
440,1.6553,[-1181.45264326],[-682.16871745]
441,0.1452,[-1185.50607917],[-686.22215336]
442,1.4342,[-1185.86163942],[-686.57771362]
443,-0.046997,[-1189.37365403],[-690.08972822]
444,1.4233,[-1189.25856956],[-689.97464375]
445,-0.19793,[-1192.74389266],[-693.45996685]
446,-4.0792,[-1192.25920918],[-692.97528337]
447,0.88656,[-1182.27021881],[-682.986293]
448,-0.50003,[-1184.44119334],[-685.15726753]
449,0.26455,[-1183.21673883],[-670.59926022]
450,1.4573,[-1183.86455884],[-671.24708023]
451,0.26455,[-1187.43313985],[-674.81566124]
452,1.4573,[-1188.08095986],[-675.46348126]
453,0.86493,[-1191.64954087],[-679.03206227]
454,1.67,[-1193.76754868],[-681.15007007]
455,0.87569,[-1197.85698139],[-685.23950278]
456,0.87569,[-1200.00133787],[-687.38385927]
457,0.87569,[-1202.14569436],[-689.52821575]
458,1.686,[-1204.29005084],[-691.67257224]
459,0.076253,[-1208.41866375],[-682.49914161]
460,1.686,[-1208.6053892],[-682.68586706]
461,1.7021,[-1212.73400211],[-686.81447997]
462,0.081997,[-1216.90204008],[-690.98251794]
463,1.7021,[-1217.10283123],[-691.18330909]
464,0.081997,[-1221.2708692],[-695.35134706]
465,1.7021,[-1221.47166035],[-695.55213821]
466,0.89753,[-1225.63969832],[-699.72017618]
467,1.7183,[-1227.83753577],[-701.91801363]
468,0.087843,[-1232.04524369],[-706.12572155]
469,0.081997,[-1232.2603503],[-693.09694042]
470,-0.9152,[-1232.46114144],[-693.29773157]
471,-1.5834,[-1230.22003437],[-691.05662449]
472,-0.36787,[-1226.34266446],[-687.17925458]
473,-2.0567,[-1225.44183834],[-686.27842847]
474,-0.87672,[-1220.40546933],[-681.24205945]
475,-1.4815,[-1218.25859062],[-679.09518074]
476,-2.6241,[-1214.63074956],[-675.46733969]
477,-2.178,[-1208.20495293],[-669.04154306]
478,-0.036534,[-1202.87154908],[-663.7081392]
479,-0.90616,[-1202.782086],[-651.52872735]
480,-2.4373,[-1200.56311573],[-649.30975709]
481,-2.9694,[-1194.59474786],[-643.34138922]
482,-3.5147,[-1187.32339368],[-636.07003503]
483,-1.8457,[-1178.71672952],[-627.46337087]
484,-0.98341,[-1174.19704931],[-622.94369066]
485,-2.4483,[-1171.78891217],[-620.53555352]
486,-3.8294,[-1165.79360792],[-614.54024927]
487,-1.9441,[-1156.41631832],[-605.16295968]
488,-0.048456,[-1151.65567992],[-600.40232127]
489,-1.0641,[-1151.53702271],[-589.71745187]
490,-1.0035,[-1148.93129495],[-587.11172412]
491,-0.66563,[-1146.47396218],[-584.65439135]
492,-0.32669,[-1144.84399267],[-583.02442183]
493,-0.027036,[-1144.04400657],[-582.22443574]
494,0.012859,[-1143.97780184],[-582.15823101]
495,0.012859,[-1144.00929047],[-582.18971964]
496,0.012859,[-1144.04077911],[-582.22120827]
497,0.012859,[-1144.07226774],[-582.2526969]
498,0.012859,[-1144.10375637],[-582.28418553]
499,0.012859,[-1144.135245],[-572.31449568]
500,0.012859,[-1144.16673363],[-572.34598431]
501,0.013668,[-1144.19822227],[-572.37747295]
502,0.34446,[-1144.23169195],[-572.41094263]
503,1.4125,[-1145.07519254],[-573.25444322]
504,2.4117,[-1148.53406901],[-576.71331969]
505,3.237,[-1154.43974857],[-582.61899925]
506,3.4134,[-1162.36639149],[-590.54564217]
507,2.4722,[-1170.72499605],[-598.90424673]
508,0.71203,[-1176.77882572],[-604.9580764]
509,-0.68697,[-1178.5224178],[-596.42117318]
510,-0.9946,[-1176.8401917],[-594.73894708]
511,-1.1241,[-1174.40465291],[-592.3034083]
512,-2.2309,[-1171.65199943],[-589.55075482]
513,-1.7637,[-1166.18905606],[-584.08781144]
514,-0.84058,[-1161.87017434],[-579.76892972]
515,0.20754,[-1159.81179389],[-577.71054928]
516,1.1729,[-1160.32000998],[-578.21876536]
517,1.9691,[-1163.19216305],[-581.09091843]
518,2.7371,[-1168.0140205],[-585.91277589]
519,3.2787,[-1174.71652725],[-582.79891841]
520,2.6509,[-1182.74528356],[-590.82767471]
521,1.5214,[-1189.23670701],[-597.31909817]
522,-0.0058875,[-1192.96225367],[-601.04464483]
523,-1.3985,[-1192.94783659],[-601.03022774]
524,-1.9241,[-1189.52324279],[-597.60563394]
525,-1.808,[-1184.81157963],[-592.89397078]
526,-1.6276,[-1180.38421775],[-588.4666089]
527,-0.95015,[-1176.39861255],[-584.48100371]
528,-0.20711,[-1174.07192124],[-582.1543124]
529,-0.2798,[-1173.56475812],[-572.21928033]
530,-0.026526,[-1172.87959448],[-571.5341167]
531,0.059693,[-1172.81463862],[-571.46916083]
532,0.71684,[-1172.96081258],[-571.61533479]
533,1.6183,[-1174.7161832],[-573.37070541]
534,2.4505,[-1178.67901491],[-577.33353712]
535,3.2363,[-1184.67970644],[-583.33422865]
536,3.4634,[-1192.60463523],[-591.25915744]
537,1.8132,[-1201.08567789],[-599.74020011]
538,0.52817,[-1205.52577334],[-604.18029555]
539,-0.37846,[-1206.81913602],[-595.78159406]
540,-1.398,[-1205.89237751],[-594.85483555]
541,-1.9658,[-1202.46900809],[-591.43146613]
542,-1.8804,[-1197.65523155],[-586.61768959]
543,-1.5482,[-1193.0505793],[-582.01303734]
544,-0.64195,[-1189.25940581],[-578.22186385]
545,-0.15352,[-1187.68742298],[-576.64988102]
546,-0.0033494,[-1187.31148902],[-576.27394706]
547,1.1079,[-1187.30328714],[-576.26574518]
548,1.9138,[-1190.01627067],[-578.97872871]
549,2.325,[-1194.70271158],[-574.54068297]
550,3.0374,[-1200.39608347],[-580.23405486]
551,3.3647,[-1207.83395348],[-587.67192487]
552,3.7312,[-1216.07330332],[-595.91127471]
553,0.086116,[-1225.21012447],[-605.04809587]
554,-2.2017,[-1225.42100207],[-605.25897346]
555,-2.3495,[-1220.02956255],[-599.86753394]
556,-2.0339,[-1214.27619599],[-594.11416739]
557,-1.4035,[-1209.29565875],[-589.13363015]
558,-0.91224,[-1205.85882114],[-585.69679254]
559,-0.37758,[-1203.6249624],[-574.50352188]
560,-0.056562,[-1202.70035881],[-573.57891829]
561,0.012859,[-1202.56185193],[-573.44041141]
562,0.012859,[-1202.59334056],[-573.47190004]
563,0.012859,[-1202.62482919],[-573.50338867]
564,0.012859,[-1202.65631782],[-573.5348773]
565,0.012859,[-1202.68780646],[-573.56636594]
566,0.012859,[-1202.71929509],[-573.59785457]
567,0.012859,[-1202.75078372],[-573.6293432]
568,0.014561,[-1202.78227235],[-573.66083183]
569,0.70309,[-1202.81792878],[-565.06274343]
570,2.0434,[-1204.53962892],[-566.78444358]
571,3.5113,[-1209.5434294],[-571.78824405]
572,3.4062,[-1218.14176777],[-580.38658242]
573,3.9559,[-1226.48274124],[-588.72755589]
574,7.1727,[-1236.16979924],[-598.41461389]
575,3.4216,[-1253.73403517],[-615.97884982]
576,3.9417,[-1262.11271957],[-624.35753423]
577,6.9749,[-1271.76500515],[-634.0098198]
578,8.1,[-1288.84487593],[-651.08969059]
579,3.415,[-1308.67984896],[-660.77648408]
580,-0.024227,[-1317.04237154],[-669.13900665]
581,-0.25555,[-1316.98304538],[-669.07968049]
582,-0.3689,[-1316.35726422],[-668.45389934]
583,-1.9022,[-1315.45391588],[-667.550551]
584,-2.9537,[-1310.79588061],[-662.89251573]
585,-2.95,[-1303.56297199],[-655.65960711]
586,-2.7289,[-1296.33912379],[-648.43575891]
587,-3.271,[-1289.65669689],[-641.75333201]
588,-3.5216,[-1281.64679606],[-633.74343117]
589,-2.3332,[-1273.02323544],[-615.91207711]
590,-2.2084,[-1267.3097837],[-610.19862538]
591,-2.0047,[-1261.90193748],[-604.79077915]
592,-1.3769,[-1256.99290409],[-599.88174577]
593,-0.34366,[-1253.62120356],[-596.51004523]
594,-0.035978,[-1252.77966197],[-595.66850365]
595,0.012859,[-1252.69156041],[-595.58040208]
596,0.012859,[-1252.72304904],[-595.61189071]
597,0.012859,[-1252.75453767],[-595.64337935]
598,0.012859,[-1252.7860263],[-595.67486798]
599,0.012859,[-1252.81751494],[-587.13693189]
600,0.012859,[-1252.84900357],[-587.16842052]
